{"cameraMode":{"drawMode":0,"name":"Shaded","section":"Shading Mode"},"sceneLighting":true,"audioPlay":false,"sceneViewState":{"showFog":true,"showMaterialUpdate":false,"showSkybox":false,"showFlares":true,"showImageEffects":true,"showParticleSystems":true,"showVisualEffectGraphs":true,"m_FxEnabled":true},"in2DMode":false,"pivot":{"x":0.06319442391395569,"y":3.7070000171661379,"z":1.8180441856384278},"rotation":{"x":-0.20142096281051637,"y":-0.6487835645675659,"z":0.18400388956069947,"w":-0.7104260921478272},"size":0.3473111689090729,"orthographic":false}