{"cameraMode":{"drawMode":0,"name":"Shaded","section":"Shading Mode"},"sceneLighting":true,"audioPlay":false,"sceneViewState":{"showFog":true,"showMaterialUpdate":false,"showSkybox":true,"showFlares":true,"showImageEffects":true,"showParticleSystems":true},"in2DMode":false,"pivot":{"x":13.358542442321778,"y":0.1712350845336914,"z":-8.85446548461914},"rotation":{"x":-0.055161960422992709,"y":0.9442242980003357,"z":-0.2464473843574524,"w":-0.21134433150291444},"size":15.086448669433594,"orthographic":false}